id,title,desc,filename,type
3000,唐代驿使图,表现唐代驿传系统的历史绘画,images_history/history_3000.jpg,文物影像
3001,唐三彩骑马俑,唐代出土的骑马陶俑，反映当时的交通风貌,images_history/history_3001.jpg,文物影像
3002,张大千蜀道难,描绘蜀道艰险的近代名画,images_history/history_3002.jpg,文物影像
3003,明皇幸蜀图,唐玄宗避难入蜀的历史名画（台北故宫藏）,images_history/history_3003.jpg,文物影像
3004,子午谷地形图古代,展现子午道险峻的历史舆图,images_history/history_3004.jpg,文物影像
3005,杨贵妃荔枝图,关于妃子笑的历史题材绘画,images_history/history_3005.jpg,文物影像
3006,唐代马具文物,唐代马匹使用的鞍具文物,images_history/history_3006.jpg,文物影像
3007,秦岭栈道古画,描绘秦岭栈道风光的古代山水画,images_history/history_3007.jpg,文物影像
3008,长安城望楼复原,唐代长安城交通监控系统复原概念,images_history/history_3008.jpg,文物影像
3009,涪陵荔枝古迹,荔枝道起点涪陵的相关历史遗迹,images_history/history_3009.jpg,文物影像
3010,宋代 剑门关 壁画,关于宋代 剑门关 壁画的历史影像资料，反映了当时的文化风貌。,images_history/history_3010.jpg,文物影像
3011,宋代 剑门关 壁画,关于宋代 剑门关 壁画的历史影像资料，反映了当时的文化风貌。,images_history/history_3011.jpg,文物影像
3012,宋代 剑门关 壁画,关于宋代 剑门关 壁画的历史影像资料，反映了当时的文化风貌。,images_history/history_3012.jpg,文物影像
3013,遗址 剑门关 山水画,关于遗址 剑门关 山水画的历史影像资料，反映了当时的文化风貌。,images_history/history_3013.jpg,文物影像
3014,遗址 剑门关 山水画,关于遗址 剑门关 山水画的历史影像资料，反映了当时的文化风貌。,images_history/history_3014.jpg,文物影像
3015,遗址 剑门关 山水画,关于遗址 剑门关 山水画的历史影像资料，反映了当时的文化风貌。,images_history/history_3015.jpg,文物影像
3016,宋代 剑门关 线描图,关于宋代 剑门关 线描图的历史影像资料，反映了当时的文化风貌。,images_history/history_3016.jpg,文物影像
3017,宋代 剑门关 线描图,关于宋代 剑门关 线描图的历史影像资料，反映了当时的文化风貌。,images_history/history_3017.jpg,文物影像
3018,宋代 剑门关 线描图,关于宋代 剑门关 线描图的历史影像资料，反映了当时的文化风貌。,images_history/history_3018.jpg,文物影像
3019,历史复原 剑门关 文物,关于历史复原 剑门关 文物的历史影像资料，反映了当时的文化风貌。,images_history/history_3019.jpg,文物影像
3020,历史复原 剑门关 文物,关于历史复原 剑门关 文物的历史影像资料，反映了当时的文化风貌。,images_history/history_3020.jpg,文物影像
3021,历史复原 剑门关 文物,关于历史复原 剑门关 文物的历史影像资料，反映了当时的文化风貌。,images_history/history_3021.jpg,文物影像
3022,历史复原 剑门关 陶俑,关于历史复原 剑门关 陶俑的历史影像资料，反映了当时的文化风貌。,images_history/history_3022.jpg,文物影像
3023,历史复原 剑门关 陶俑,关于历史复原 剑门关 陶俑的历史影像资料，反映了当时的文化风貌。,images_history/history_3023.jpg,文物影像
3024,历史复原 剑门关 陶俑,关于历史复原 剑门关 陶俑的历史影像资料，反映了当时的文化风貌。,images_history/history_3024.jpg,文物影像
3025,宋代 剑门关 古地图,关于宋代 剑门关 古地图的历史影像资料，反映了当时的文化风貌。,images_history/history_3025.jpg,文物影像
3026,宋代 剑门关 古地图,关于宋代 剑门关 古地图的历史影像资料，反映了当时的文化风貌。,images_history/history_3026.jpg,文物影像
3027,宋代 剑门关 古地图,关于宋代 剑门关 古地图的历史影像资料，反映了当时的文化风貌。,images_history/history_3027.jpg,文物影像
3028,遗址 剑门关 拓片,关于遗址 剑门关 拓片的历史影像资料，反映了当时的文化风貌。,images_history/history_3028.jpg,文物影像
3029,遗址 剑门关 拓片,关于遗址 剑门关 拓片的历史影像资料，反映了当时的文化风貌。,images_history/history_3029.jpg,文物影像
3030,遗址 剑门关 拓片,关于遗址 剑门关 拓片的历史影像资料，反映了当时的文化风貌。,images_history/history_3030.jpg,文物影像
3031,遗址 剑门关 敦煌画风,关于遗址 剑门关 敦煌画风的历史影像资料，反映了当时的文化风貌。,images_history/history_3031.jpg,文物影像
3032,遗址 剑门关 敦煌画风,关于遗址 剑门关 敦煌画风的历史影像资料，反映了当时的文化风貌。,images_history/history_3032.jpg,文物影像
3033,遗址 剑门关 敦煌画风,关于遗址 剑门关 敦煌画风的历史影像资料，反映了当时的文化风貌。,images_history/history_3033.jpg,文物影像
3034,唐代 剑门关 界画,关于唐代 剑门关 界画的历史影像资料，反映了当时的文化风貌。,images_history/history_3034.jpg,文物影像
3035,唐代 剑门关 界画,关于唐代 剑门关 界画的历史影像资料，反映了当时的文化风貌。,images_history/history_3035.jpg,文物影像
3036,唐代 剑门关 界画,关于唐代 剑门关 界画的历史影像资料，反映了当时的文化风貌。,images_history/history_3036.jpg,文物影像
3037,宋代 驿站 壁画,关于宋代 驿站 壁画的历史影像资料，反映了当时的文化风貌。,images_history/history_3037.jpg,文物影像
3038,宋代 驿站 壁画,关于宋代 驿站 壁画的历史影像资料，反映了当时的文化风貌。,images_history/history_3038.jpg,文物影像
3039,宋代 驿站 壁画,关于宋代 驿站 壁画的历史影像资料，反映了当时的文化风貌。,images_history/history_3039.jpg,文物影像
3040,古代 驿站 山水画,关于古代 驿站 山水画的历史影像资料，反映了当时的文化风貌。,images_history/history_3040.jpg,文物影像
3041,古代 驿站 山水画,关于古代 驿站 山水画的历史影像资料，反映了当时的文化风貌。,images_history/history_3041.jpg,文物影像
3042,古代 驿站 山水画,关于古代 驿站 山水画的历史影像资料，反映了当时的文化风貌。,images_history/history_3042.jpg,文物影像
3043,宋代 驿站 线描图,关于宋代 驿站 线描图的历史影像资料，反映了当时的文化风貌。,images_history/history_3043.jpg,文物影像
3044,宋代 驿站 线描图,关于宋代 驿站 线描图的历史影像资料，反映了当时的文化风貌。,images_history/history_3044.jpg,文物影像
3045,宋代 驿站 线描图,关于宋代 驿站 线描图的历史影像资料，反映了当时的文化风貌。,images_history/history_3045.jpg,文物影像
3046,遗址 驿站 文物,关于遗址 驿站 文物的历史影像资料，反映了当时的文化风貌。,images_history/history_3046.jpg,文物影像
3047,遗址 驿站 文物,关于遗址 驿站 文物的历史影像资料，反映了当时的文化风貌。,images_history/history_3047.jpg,文物影像
3048,遗址 驿站 文物,关于遗址 驿站 文物的历史影像资料，反映了当时的文化风貌。,images_history/history_3048.jpg,文物影像
3049,遗址 驿站 陶俑,关于遗址 驿站 陶俑的历史影像资料，反映了当时的文化风貌。,images_history/history_3049.jpg,文物影像
3050,遗址 驿站 陶俑,关于遗址 驿站 陶俑的历史影像资料，反映了当时的文化风貌。,images_history/history_3050.jpg,文物影像
3051,遗址 驿站 陶俑,关于遗址 驿站 陶俑的历史影像资料，反映了当时的文化风貌。,images_history/history_3051.jpg,文物影像
3052,唐代 驿站 古地图,关于唐代 驿站 古地图的历史影像资料，反映了当时的文化风貌。,images_history/history_3052.jpg,文物影像
3053,唐代 驿站 古地图,关于唐代 驿站 古地图的历史影像资料，反映了当时的文化风貌。,images_history/history_3053.jpg,文物影像
3054,唐代 驿站 古地图,关于唐代 驿站 古地图的历史影像资料，反映了当时的文化风貌。,images_history/history_3054.jpg,文物影像
3055,古代 驿站 拓片,关于古代 驿站 拓片的历史影像资料，反映了当时的文化风貌。,images_history/history_3055.jpg,文物影像
3056,古代 驿站 拓片,关于古代 驿站 拓片的历史影像资料，反映了当时的文化风貌。,images_history/history_3056.jpg,文物影像
3057,古代 驿站 拓片,关于古代 驿站 拓片的历史影像资料，反映了当时的文化风貌。,images_history/history_3057.jpg,文物影像
3058,唐代 驿站 敦煌画风,关于唐代 驿站 敦煌画风的历史影像资料，反映了当时的文化风貌。,images_history/history_3058.jpg,文物影像
3059,唐代 驿站 敦煌画风,关于唐代 驿站 敦煌画风的历史影像资料，反映了当时的文化风貌。,images_history/history_3059.jpg,文物影像
3060,唐代 驿站 敦煌画风,关于唐代 驿站 敦煌画风的历史影像资料，反映了当时的文化风貌。,images_history/history_3060.jpg,文物影像
3061,宋代 驿站 界画,关于宋代 驿站 界画的历史影像资料，反映了当时的文化风貌。,images_history/history_3061.jpg,文物影像
3062,宋代 驿站 界画,关于宋代 驿站 界画的历史影像资料，反映了当时的文化风貌。,images_history/history_3062.jpg,文物影像
3063,宋代 驿站 界画,关于宋代 驿站 界画的历史影像资料，反映了当时的文化风貌。,images_history/history_3063.jpg,文物影像
3064,遗址 杜牧 壁画,关于遗址 杜牧 壁画的历史影像资料，反映了当时的文化风貌。,images_history/history_3064.jpg,文物影像
3065,遗址 杜牧 壁画,关于遗址 杜牧 壁画的历史影像资料，反映了当时的文化风貌。,images_history/history_3065.jpg,文物影像
3066,遗址 杜牧 壁画,关于遗址 杜牧 壁画的历史影像资料，反映了当时的文化风貌。,images_history/history_3066.jpg,文物影像
3067,遗址 杜牧 山水画,关于遗址 杜牧 山水画的历史影像资料，反映了当时的文化风貌。,images_history/history_3067.jpg,文物影像
3068,遗址 杜牧 山水画,关于遗址 杜牧 山水画的历史影像资料，反映了当时的文化风貌。,images_history/history_3068.jpg,文物影像
3069,遗址 杜牧 山水画,关于遗址 杜牧 山水画的历史影像资料，反映了当时的文化风貌。,images_history/history_3069.jpg,文物影像
3070,唐代 杜牧 线描图,关于唐代 杜牧 线描图的历史影像资料，反映了当时的文化风貌。,images_history/history_3070.jpg,文物影像
3071,唐代 杜牧 线描图,关于唐代 杜牧 线描图的历史影像资料，反映了当时的文化风貌。,images_history/history_3071.jpg,文物影像
3072,唐代 杜牧 线描图,关于唐代 杜牧 线描图的历史影像资料，反映了当时的文化风貌。,images_history/history_3072.jpg,文物影像
3073,宋代 杜牧 文物,关于宋代 杜牧 文物的历史影像资料，反映了当时的文化风貌。,images_history/history_3073.jpg,文物影像
3074,宋代 杜牧 文物,关于宋代 杜牧 文物的历史影像资料，反映了当时的文化风貌。,images_history/history_3074.jpg,文物影像
3075,宋代 杜牧 文物,关于宋代 杜牧 文物的历史影像资料，反映了当时的文化风貌。,images_history/history_3075.jpg,文物影像
3076,遗址 杜牧 陶俑,关于遗址 杜牧 陶俑的历史影像资料，反映了当时的文化风貌。,images_history/history_3076.jpg,文物影像
3077,遗址 杜牧 陶俑,关于遗址 杜牧 陶俑的历史影像资料，反映了当时的文化风貌。,images_history/history_3077.jpg,文物影像
3078,遗址 杜牧 陶俑,关于遗址 杜牧 陶俑的历史影像资料，反映了当时的文化风貌。,images_history/history_3078.jpg,文物影像
3079,宋代 杜牧 古地图,关于宋代 杜牧 古地图的历史影像资料，反映了当时的文化风貌。,images_history/history_3079.jpg,文物影像
3080,宋代 杜牧 古地图,关于宋代 杜牧 古地图的历史影像资料，反映了当时的文化风貌。,images_history/history_3080.jpg,文物影像
3081,宋代 杜牧 古地图,关于宋代 杜牧 古地图的历史影像资料，反映了当时的文化风貌。,images_history/history_3081.jpg,文物影像
3082,历史复原 杜牧 拓片,关于历史复原 杜牧 拓片的历史影像资料，反映了当时的文化风貌。,images_history/history_3082.jpg,文物影像
3083,历史复原 杜牧 拓片,关于历史复原 杜牧 拓片的历史影像资料，反映了当时的文化风貌。,images_history/history_3083.jpg,文物影像
3084,历史复原 杜牧 拓片,关于历史复原 杜牧 拓片的历史影像资料，反映了当时的文化风貌。,images_history/history_3084.jpg,文物影像
3085,宋代 杜牧 敦煌画风,关于宋代 杜牧 敦煌画风的历史影像资料，反映了当时的文化风貌。,images_history/history_3085.jpg,文物影像
3086,宋代 杜牧 敦煌画风,关于宋代 杜牧 敦煌画风的历史影像资料，反映了当时的文化风貌。,images_history/history_3086.jpg,文物影像
3087,宋代 杜牧 敦煌画风,关于宋代 杜牧 敦煌画风的历史影像资料，反映了当时的文化风貌。,images_history/history_3087.jpg,文物影像
3088,历史复原 杜牧 界画,关于历史复原 杜牧 界画的历史影像资料，反映了当时的文化风貌。,images_history/history_3088.jpg,文物影像
3089,历史复原 杜牧 界画,关于历史复原 杜牧 界画的历史影像资料，反映了当时的文化风貌。,images_history/history_3089.jpg,文物影像
3090,历史复原 杜牧 界画,关于历史复原 杜牧 界画的历史影像资料，反映了当时的文化风貌。,images_history/history_3090.jpg,文物影像
3091,唐代 马鞍 壁画,关于唐代 马鞍 壁画的历史影像资料，反映了当时的文化风貌。,images_history/history_3091.jpg,文物影像
3092,唐代 马鞍 壁画,关于唐代 马鞍 壁画的历史影像资料，反映了当时的文化风貌。,images_history/history_3092.jpg,文物影像
3093,唐代 马鞍 壁画,关于唐代 马鞍 壁画的历史影像资料，反映了当时的文化风貌。,images_history/history_3093.jpg,文物影像
3094,古代 马鞍 山水画,关于古代 马鞍 山水画的历史影像资料，反映了当时的文化风貌。,images_history/history_3094.jpg,文物影像
3095,古代 马鞍 山水画,关于古代 马鞍 山水画的历史影像资料，反映了当时的文化风貌。,images_history/history_3095.jpg,文物影像
3096,古代 马鞍 山水画,关于古代 马鞍 山水画的历史影像资料，反映了当时的文化风貌。,images_history/history_3096.jpg,文物影像
3097,古代 马鞍 线描图,关于古代 马鞍 线描图的历史影像资料，反映了当时的文化风貌。,images_history/history_3097.jpg,文物影像
3098,古代 马鞍 线描图,关于古代 马鞍 线描图的历史影像资料，反映了当时的文化风貌。,images_history/history_3098.jpg,文物影像
3099,古代 马鞍 线描图,关于古代 马鞍 线描图的历史影像资料，反映了当时的文化风貌。,images_history/history_3099.jpg,文物影像
3100,宋代 马鞍 文物,关于宋代 马鞍 文物的历史影像资料，反映了当时的文化风貌。,images_history/history_3100.jpg,文物影像
3101,宋代 马鞍 文物,关于宋代 马鞍 文物的历史影像资料，反映了当时的文化风貌。,images_history/history_3101.jpg,文物影像
3102,宋代 马鞍 文物,关于宋代 马鞍 文物的历史影像资料，反映了当时的文化风貌。,images_history/history_3102.jpg,文物影像
3103,遗址 马鞍 陶俑,关于遗址 马鞍 陶俑的历史影像资料，反映了当时的文化风貌。,images_history/history_3103.jpg,文物影像
3104,遗址 马鞍 陶俑,关于遗址 马鞍 陶俑的历史影像资料，反映了当时的文化风貌。,images_history/history_3104.jpg,文物影像
3105,遗址 马鞍 陶俑,关于遗址 马鞍 陶俑的历史影像资料，反映了当时的文化风貌。,images_history/history_3105.jpg,文物影像
3106,历史复原 马鞍 古地图,关于历史复原 马鞍 古地图的历史影像资料，反映了当时的文化风貌。,images_history/history_3106.jpg,文物影像
3107,历史复原 马鞍 古地图,关于历史复原 马鞍 古地图的历史影像资料，反映了当时的文化风貌。,images_history/history_3107.jpg,文物影像
3108,历史复原 马鞍 古地图,关于历史复原 马鞍 古地图的历史影像资料，反映了当时的文化风貌。,images_history/history_3108.jpg,文物影像
3109,遗址 马鞍 拓片,关于遗址 马鞍 拓片的历史影像资料，反映了当时的文化风貌。,images_history/history_3109.jpg,文物影像
3110,遗址 马鞍 拓片,关于遗址 马鞍 拓片的历史影像资料，反映了当时的文化风貌。,images_history/history_3110.jpg,文物影像
3111,遗址 马鞍 拓片,关于遗址 马鞍 拓片的历史影像资料，反映了当时的文化风貌。,images_history/history_3111.jpg,文物影像
3112,唐代 马鞍 敦煌画风,关于唐代 马鞍 敦煌画风的历史影像资料，反映了当时的文化风貌。,images_history/history_3112.jpg,文物影像
3113,唐代 马鞍 敦煌画风,关于唐代 马鞍 敦煌画风的历史影像资料，反映了当时的文化风貌。,images_history/history_3113.jpg,文物影像
3114,唐代 马鞍 敦煌画风,关于唐代 马鞍 敦煌画风的历史影像资料，反映了当时的文化风貌。,images_history/history_3114.jpg,文物影像
3115,宋代 马鞍 界画,关于宋代 马鞍 界画的历史影像资料，反映了当时的文化风貌。,images_history/history_3115.jpg,文物影像
3116,宋代 马鞍 界画,关于宋代 马鞍 界画的历史影像资料，反映了当时的文化风貌。,images_history/history_3116.jpg,文物影像
3117,宋代 马鞍 界画,关于宋代 马鞍 界画的历史影像资料，反映了当时的文化风貌。,images_history/history_3117.jpg,文物影像
3118,宋代 荔枝 壁画,关于宋代 荔枝 壁画的历史影像资料，反映了当时的文化风貌。,images_history/history_3118.jpg,文物影像
3119,宋代 荔枝 壁画,关于宋代 荔枝 壁画的历史影像资料，反映了当时的文化风貌。,images_history/history_3119.jpg,文物影像
3120,宋代 荔枝 壁画,关于宋代 荔枝 壁画的历史影像资料，反映了当时的文化风貌。,images_history/history_3120.jpg,文物影像
3121,遗址 荔枝 山水画,关于遗址 荔枝 山水画的历史影像资料，反映了当时的文化风貌。,images_history/history_3121.jpg,文物影像
3122,遗址 荔枝 山水画,关于遗址 荔枝 山水画的历史影像资料，反映了当时的文化风貌。,images_history/history_3122.jpg,文物影像
3123,遗址 荔枝 山水画,关于遗址 荔枝 山水画的历史影像资料，反映了当时的文化风貌。,images_history/history_3123.jpg,文物影像
3124,唐代 荔枝 线描图,关于唐代 荔枝 线描图的历史影像资料，反映了当时的文化风貌。,images_history/history_3124.jpg,文物影像
3125,唐代 荔枝 线描图,关于唐代 荔枝 线描图的历史影像资料，反映了当时的文化风貌。,images_history/history_3125.jpg,文物影像
3126,唐代 荔枝 线描图,关于唐代 荔枝 线描图的历史影像资料，反映了当时的文化风貌。,images_history/history_3126.jpg,文物影像
3127,唐代 荔枝 文物,关于唐代 荔枝 文物的历史影像资料，反映了当时的文化风貌。,images_history/history_3127.jpg,文物影像
3128,唐代 荔枝 文物,关于唐代 荔枝 文物的历史影像资料，反映了当时的文化风貌。,images_history/history_3128.jpg,文物影像
3129,唐代 荔枝 文物,关于唐代 荔枝 文物的历史影像资料，反映了当时的文化风貌。,images_history/history_3129.jpg,文物影像
3130,遗址 荔枝 陶俑,关于遗址 荔枝 陶俑的历史影像资料，反映了当时的文化风貌。,images_history/history_3130.jpg,文物影像
3131,遗址 荔枝 陶俑,关于遗址 荔枝 陶俑的历史影像资料，反映了当时的文化风貌。,images_history/history_3131.jpg,文物影像
3132,遗址 荔枝 陶俑,关于遗址 荔枝 陶俑的历史影像资料，反映了当时的文化风貌。,images_history/history_3132.jpg,文物影像
3133,历史复原 荔枝 古地图,关于历史复原 荔枝 古地图的历史影像资料，反映了当时的文化风貌。,images_history/history_3133.jpg,文物影像
3134,历史复原 荔枝 古地图,关于历史复原 荔枝 古地图的历史影像资料，反映了当时的文化风貌。,images_history/history_3134.jpg,文物影像
3135,历史复原 荔枝 古地图,关于历史复原 荔枝 古地图的历史影像资料，反映了当时的文化风貌。,images_history/history_3135.jpg,文物影像
3136,古代 荔枝 拓片,关于古代 荔枝 拓片的历史影像资料，反映了当时的文化风貌。,images_history/history_3136.jpg,文物影像
3137,古代 荔枝 拓片,关于古代 荔枝 拓片的历史影像资料，反映了当时的文化风貌。,images_history/history_3137.jpg,文物影像
3138,古代 荔枝 拓片,关于古代 荔枝 拓片的历史影像资料，反映了当时的文化风貌。,images_history/history_3138.jpg,文物影像
3139,遗址 荔枝 敦煌画风,关于遗址 荔枝 敦煌画风的历史影像资料，反映了当时的文化风貌。,images_history/history_3139.jpg,文物影像
3140,遗址 荔枝 敦煌画风,关于遗址 荔枝 敦煌画风的历史影像资料，反映了当时的文化风貌。,images_history/history_3140.jpg,文物影像
3141,遗址 荔枝 敦煌画风,关于遗址 荔枝 敦煌画风的历史影像资料，反映了当时的文化风貌。,images_history/history_3141.jpg,文物影像
3142,古代 荔枝 界画,关于古代 荔枝 界画的历史影像资料，反映了当时的文化风貌。,images_history/history_3142.jpg,文物影像
3143,古代 荔枝 界画,关于古代 荔枝 界画的历史影像资料，反映了当时的文化风貌。,images_history/history_3143.jpg,文物影像
3144,古代 荔枝 界画,关于古代 荔枝 界画的历史影像资料，反映了当时的文化风貌。,images_history/history_3144.jpg,文物影像
3145,唐代 驿使 壁画,关于唐代 驿使 壁画的历史影像资料，反映了当时的文化风貌。,images_history/history_3145.jpg,文物影像
3146,唐代 驿使 壁画,关于唐代 驿使 壁画的历史影像资料，反映了当时的文化风貌。,images_history/history_3146.jpg,文物影像
3147,唐代 驿使 壁画,关于唐代 驿使 壁画的历史影像资料，反映了当时的文化风貌。,images_history/history_3147.jpg,文物影像
3148,历史复原 驿使 山水画,关于历史复原 驿使 山水画的历史影像资料，反映了当时的文化风貌。,images_history/history_3148.jpg,文物影像
3149,历史复原 驿使 山水画,关于历史复原 驿使 山水画的历史影像资料，反映了当时的文化风貌。,images_history/history_3149.jpg,文物影像
3150,历史复原 驿使 山水画,关于历史复原 驿使 山水画的历史影像资料，反映了当时的文化风貌。,images_history/history_3150.jpg,文物影像
3151,历史复原 驿使 线描图,关于历史复原 驿使 线描图的历史影像资料，反映了当时的文化风貌。,images_history/history_3151.jpg,文物影像
3152,历史复原 驿使 线描图,关于历史复原 驿使 线描图的历史影像资料，反映了当时的文化风貌。,images_history/history_3152.jpg,文物影像
3153,历史复原 驿使 线描图,关于历史复原 驿使 线描图的历史影像资料，反映了当时的文化风貌。,images_history/history_3153.jpg,文物影像
3154,宋代 驿使 文物,关于宋代 驿使 文物的历史影像资料，反映了当时的文化风貌。,images_history/history_3154.jpg,文物影像
3155,宋代 驿使 文物,关于宋代 驿使 文物的历史影像资料，反映了当时的文化风貌。,images_history/history_3155.jpg,文物影像
3156,宋代 驿使 文物,关于宋代 驿使 文物的历史影像资料，反映了当时的文化风貌。,images_history/history_3156.jpg,文物影像
3157,遗址 驿使 陶俑,关于遗址 驿使 陶俑的历史影像资料，反映了当时的文化风貌。,images_history/history_3157.jpg,文物影像
3158,遗址 驿使 陶俑,关于遗址 驿使 陶俑的历史影像资料，反映了当时的文化风貌。,images_history/history_3158.jpg,文物影像
3159,遗址 驿使 陶俑,关于遗址 驿使 陶俑的历史影像资料，反映了当时的文化风貌。,images_history/history_3159.jpg,文物影像
3160,唐代 驿使 古地图,关于唐代 驿使 古地图的历史影像资料，反映了当时的文化风貌。,images_history/history_3160.jpg,文物影像
3161,唐代 驿使 古地图,关于唐代 驿使 古地图的历史影像资料，反映了当时的文化风貌。,images_history/history_3161.jpg,文物影像
3162,唐代 驿使 古地图,关于唐代 驿使 古地图的历史影像资料，反映了当时的文化风貌。,images_history/history_3162.jpg,文物影像
3163,遗址 驿使 拓片,关于遗址 驿使 拓片的历史影像资料，反映了当时的文化风貌。,images_history/history_3163.jpg,文物影像
3164,遗址 驿使 拓片,关于遗址 驿使 拓片的历史影像资料，反映了当时的文化风貌。,images_history/history_3164.jpg,文物影像
3165,遗址 驿使 拓片,关于遗址 驿使 拓片的历史影像资料，反映了当时的文化风貌。,images_history/history_3165.jpg,文物影像
3166,古代 驿使 敦煌画风,关于古代 驿使 敦煌画风的历史影像资料，反映了当时的文化风貌。,images_history/history_3166.jpg,文物影像
3167,古代 驿使 敦煌画风,关于古代 驿使 敦煌画风的历史影像资料，反映了当时的文化风貌。,images_history/history_3167.jpg,文物影像
3168,古代 驿使 敦煌画风,关于古代 驿使 敦煌画风的历史影像资料，反映了当时的文化风貌。,images_history/history_3168.jpg,文物影像
3169,宋代 驿使 界画,关于宋代 驿使 界画的历史影像资料，反映了当时的文化风貌。,images_history/history_3169.jpg,文物影像
3170,宋代 驿使 界画,关于宋代 驿使 界画的历史影像资料，反映了当时的文化风貌。,images_history/history_3170.jpg,文物影像
3171,宋代 驿使 界画,关于宋代 驿使 界画的历史影像资料，反映了当时的文化风貌。,images_history/history_3171.jpg,文物影像
3172,唐代 栈道 壁画,关于唐代 栈道 壁画的历史影像资料，反映了当时的文化风貌。,images_history/history_3172.jpg,文物影像
3173,唐代 栈道 壁画,关于唐代 栈道 壁画的历史影像资料，反映了当时的文化风貌。,images_history/history_3173.jpg,文物影像
3174,唐代 栈道 壁画,关于唐代 栈道 壁画的历史影像资料，反映了当时的文化风貌。,images_history/history_3174.jpg,文物影像
3175,古代 栈道 山水画,关于古代 栈道 山水画的历史影像资料，反映了当时的文化风貌。,images_history/history_3175.jpg,文物影像
3176,古代 栈道 山水画,关于古代 栈道 山水画的历史影像资料，反映了当时的文化风貌。,images_history/history_3176.jpg,文物影像
3177,古代 栈道 山水画,关于古代 栈道 山水画的历史影像资料，反映了当时的文化风貌。,images_history/history_3177.jpg,文物影像
3178,宋代 栈道 线描图,关于宋代 栈道 线描图的历史影像资料，反映了当时的文化风貌。,images_history/history_3178.jpg,文物影像
3179,宋代 栈道 线描图,关于宋代 栈道 线描图的历史影像资料，反映了当时的文化风貌。,images_history/history_3179.jpg,文物影像
3180,宋代 栈道 线描图,关于宋代 栈道 线描图的历史影像资料，反映了当时的文化风貌。,images_history/history_3180.jpg,文物影像
3181,古代 栈道 文物,关于古代 栈道 文物的历史影像资料，反映了当时的文化风貌。,images_history/history_3181.jpg,文物影像
3182,古代 栈道 文物,关于古代 栈道 文物的历史影像资料，反映了当时的文化风貌。,images_history/history_3182.jpg,文物影像
3183,古代 栈道 文物,关于古代 栈道 文物的历史影像资料，反映了当时的文化风貌。,images_history/history_3183.jpg,文物影像
3184,遗址 栈道 陶俑,关于遗址 栈道 陶俑的历史影像资料，反映了当时的文化风貌。,images_history/history_3184.jpg,文物影像
3185,遗址 栈道 陶俑,关于遗址 栈道 陶俑的历史影像资料，反映了当时的文化风貌。,images_history/history_3185.jpg,文物影像
3186,遗址 栈道 陶俑,关于遗址 栈道 陶俑的历史影像资料，反映了当时的文化风貌。,images_history/history_3186.jpg,文物影像
3187,唐代 栈道 古地图,关于唐代 栈道 古地图的历史影像资料，反映了当时的文化风貌。,images_history/history_3187.jpg,文物影像
3188,唐代 栈道 古地图,关于唐代 栈道 古地图的历史影像资料，反映了当时的文化风貌。,images_history/history_3188.jpg,文物影像
3189,唐代 栈道 古地图,关于唐代 栈道 古地图的历史影像资料，反映了当时的文化风貌。,images_history/history_3189.jpg,文物影像
3190,历史复原 栈道 拓片,关于历史复原 栈道 拓片的历史影像资料，反映了当时的文化风貌。,images_history/history_3190.jpg,文物影像
3191,历史复原 栈道 拓片,关于历史复原 栈道 拓片的历史影像资料，反映了当时的文化风貌。,images_history/history_3191.jpg,文物影像
3192,历史复原 栈道 拓片,关于历史复原 栈道 拓片的历史影像资料，反映了当时的文化风貌。,images_history/history_3192.jpg,文物影像
3193,遗址 栈道 敦煌画风,关于遗址 栈道 敦煌画风的历史影像资料，反映了当时的文化风貌。,images_history/history_3193.jpg,文物影像
3194,遗址 栈道 敦煌画风,关于遗址 栈道 敦煌画风的历史影像资料，反映了当时的文化风貌。,images_history/history_3194.jpg,文物影像
3195,遗址 栈道 敦煌画风,关于遗址 栈道 敦煌画风的历史影像资料，反映了当时的文化风貌。,images_history/history_3195.jpg,文物影像
3196,古代 栈道 界画,关于古代 栈道 界画的历史影像资料，反映了当时的文化风貌。,images_history/history_3196.jpg,文物影像
3197,古代 栈道 界画,关于古代 栈道 界画的历史影像资料，反映了当时的文化风貌。,images_history/history_3197.jpg,文物影像
3198,古代 栈道 界画,关于古代 栈道 界画的历史影像资料，反映了当时的文化风貌。,images_history/history_3198.jpg,文物影像
3199,历史复原 杨贵妃 壁画,关于历史复原 杨贵妃 壁画的历史影像资料，反映了当时的文化风貌。,images_history/history_3199.jpg,文物影像
3200,历史复原 杨贵妃 壁画,关于历史复原 杨贵妃 壁画的历史影像资料，反映了当时的文化风貌。,images_history/history_3200.jpg,文物影像
3201,历史复原 杨贵妃 壁画,关于历史复原 杨贵妃 壁画的历史影像资料，反映了当时的文化风貌。,images_history/history_3201.jpg,文物影像
3202,历史复原 杨贵妃 山水画,关于历史复原 杨贵妃 山水画的历史影像资料，反映了当时的文化风貌。,images_history/history_3202.jpg,文物影像
3203,历史复原 杨贵妃 山水画,关于历史复原 杨贵妃 山水画的历史影像资料，反映了当时的文化风貌。,images_history/history_3203.jpg,文物影像
3204,历史复原 杨贵妃 山水画,关于历史复原 杨贵妃 山水画的历史影像资料，反映了当时的文化风貌。,images_history/history_3204.jpg,文物影像
3205,遗址 杨贵妃 线描图,关于遗址 杨贵妃 线描图的历史影像资料，反映了当时的文化风貌。,images_history/history_3205.jpg,文物影像
3206,遗址 杨贵妃 线描图,关于遗址 杨贵妃 线描图的历史影像资料，反映了当时的文化风貌。,images_history/history_3206.jpg,文物影像
3207,遗址 杨贵妃 线描图,关于遗址 杨贵妃 线描图的历史影像资料，反映了当时的文化风貌。,images_history/history_3207.jpg,文物影像
3208,古代 杨贵妃 文物,关于古代 杨贵妃 文物的历史影像资料，反映了当时的文化风貌。,images_history/history_3208.jpg,文物影像
3209,古代 杨贵妃 文物,关于古代 杨贵妃 文物的历史影像资料，反映了当时的文化风貌。,images_history/history_3209.jpg,文物影像
3210,古代 杨贵妃 文物,关于古代 杨贵妃 文物的历史影像资料，反映了当时的文化风貌。,images_history/history_3210.jpg,文物影像
3211,古代 杨贵妃 陶俑,关于古代 杨贵妃 陶俑的历史影像资料，反映了当时的文化风貌。,images_history/history_3211.jpg,文物影像
3212,古代 杨贵妃 陶俑,关于古代 杨贵妃 陶俑的历史影像资料，反映了当时的文化风貌。,images_history/history_3212.jpg,文物影像
3213,古代 杨贵妃 陶俑,关于古代 杨贵妃 陶俑的历史影像资料，反映了当时的文化风貌。,images_history/history_3213.jpg,文物影像
3214,宋代 杨贵妃 古地图,关于宋代 杨贵妃 古地图的历史影像资料，反映了当时的文化风貌。,images_history/history_3214.jpg,文物影像
3215,宋代 杨贵妃 古地图,关于宋代 杨贵妃 古地图的历史影像资料，反映了当时的文化风貌。,images_history/history_3215.jpg,文物影像
3216,宋代 杨贵妃 古地图,关于宋代 杨贵妃 古地图的历史影像资料，反映了当时的文化风貌。,images_history/history_3216.jpg,文物影像
3217,历史复原 杨贵妃 拓片,关于历史复原 杨贵妃 拓片的历史影像资料，反映了当时的文化风貌。,images_history/history_3217.jpg,文物影像
3218,历史复原 杨贵妃 拓片,关于历史复原 杨贵妃 拓片的历史影像资料，反映了当时的文化风貌。,images_history/history_3218.jpg,文物影像
3219,历史复原 杨贵妃 拓片,关于历史复原 杨贵妃 拓片的历史影像资料，反映了当时的文化风貌。,images_history/history_3219.jpg,文物影像
3220,宋代 杨贵妃 敦煌画风,关于宋代 杨贵妃 敦煌画风的历史影像资料，反映了当时的文化风貌。,images_history/history_3220.jpg,文物影像
3221,宋代 杨贵妃 敦煌画风,关于宋代 杨贵妃 敦煌画风的历史影像资料，反映了当时的文化风貌。,images_history/history_3221.jpg,文物影像
3222,宋代 杨贵妃 敦煌画风,关于宋代 杨贵妃 敦煌画风的历史影像资料，反映了当时的文化风貌。,images_history/history_3222.jpg,文物影像
3223,古代 杨贵妃 界画,关于古代 杨贵妃 界画的历史影像资料，反映了当时的文化风貌。,images_history/history_3223.jpg,文物影像
3224,古代 杨贵妃 界画,关于古代 杨贵妃 界画的历史影像资料，反映了当时的文化风貌。,images_history/history_3224.jpg,文物影像
3225,古代 杨贵妃 界画,关于古代 杨贵妃 界画的历史影像资料，反映了当时的文化风貌。,images_history/history_3225.jpg,文物影像
3226,古代 长安城 壁画,关于古代 长安城 壁画的历史影像资料，反映了当时的文化风貌。,images_history/history_3226.jpg,文物影像
3227,古代 长安城 壁画,关于古代 长安城 壁画的历史影像资料，反映了当时的文化风貌。,images_history/history_3227.jpg,文物影像
3228,古代 长安城 壁画,关于古代 长安城 壁画的历史影像资料，反映了当时的文化风貌。,images_history/history_3228.jpg,文物影像
3229,唐代 长安城 山水画,关于唐代 长安城 山水画的历史影像资料，反映了当时的文化风貌。,images_history/history_3229.jpg,文物影像
3230,唐代 长安城 山水画,关于唐代 长安城 山水画的历史影像资料，反映了当时的文化风貌。,images_history/history_3230.jpg,文物影像
3231,唐代 长安城 山水画,关于唐代 长安城 山水画的历史影像资料，反映了当时的文化风貌。,images_history/history_3231.jpg,文物影像
3232,唐代 长安城 线描图,关于唐代 长安城 线描图的历史影像资料，反映了当时的文化风貌。,images_history/history_3232.jpg,文物影像
3233,唐代 长安城 线描图,关于唐代 长安城 线描图的历史影像资料，反映了当时的文化风貌。,images_history/history_3233.jpg,文物影像
3234,唐代 长安城 线描图,关于唐代 长安城 线描图的历史影像资料，反映了当时的文化风貌。,images_history/history_3234.jpg,文物影像
3235,古代 长安城 文物,关于古代 长安城 文物的历史影像资料，反映了当时的文化风貌。,images_history/history_3235.jpg,文物影像
3236,古代 长安城 文物,关于古代 长安城 文物的历史影像资料，反映了当时的文化风貌。,images_history/history_3236.jpg,文物影像
3237,古代 长安城 文物,关于古代 长安城 文物的历史影像资料，反映了当时的文化风貌。,images_history/history_3237.jpg,文物影像
3238,遗址 长安城 陶俑,关于遗址 长安城 陶俑的历史影像资料，反映了当时的文化风貌。,images_history/history_3238.jpg,文物影像
3239,遗址 长安城 陶俑,关于遗址 长安城 陶俑的历史影像资料，反映了当时的文化风貌。,images_history/history_3239.jpg,文物影像
3240,遗址 长安城 陶俑,关于遗址 长安城 陶俑的历史影像资料，反映了当时的文化风貌。,images_history/history_3240.jpg,文物影像
3241,古代 长安城 古地图,关于古代 长安城 古地图的历史影像资料，反映了当时的文化风貌。,images_history/history_3241.jpg,文物影像
3242,古代 长安城 古地图,关于古代 长安城 古地图的历史影像资料，反映了当时的文化风貌。,images_history/history_3242.jpg,文物影像
3243,古代 长安城 古地图,关于古代 长安城 古地图的历史影像资料，反映了当时的文化风貌。,images_history/history_3243.jpg,文物影像
3244,唐代 长安城 拓片,关于唐代 长安城 拓片的历史影像资料，反映了当时的文化风貌。,images_history/history_3244.jpg,文物影像
3245,唐代 长安城 拓片,关于唐代 长安城 拓片的历史影像资料，反映了当时的文化风貌。,images_history/history_3245.jpg,文物影像
3246,唐代 长安城 拓片,关于唐代 长安城 拓片的历史影像资料，反映了当时的文化风貌。,images_history/history_3246.jpg,文物影像
3247,宋代 长安城 敦煌画风,关于宋代 长安城 敦煌画风的历史影像资料，反映了当时的文化风貌。,images_history/history_3247.jpg,文物影像
3248,宋代 长安城 敦煌画风,关于宋代 长安城 敦煌画风的历史影像资料，反映了当时的文化风貌。,images_history/history_3248.jpg,文物影像
3249,宋代 长安城 敦煌画风,关于宋代 长安城 敦煌画风的历史影像资料，反映了当时的文化风貌。,images_history/history_3249.jpg,文物影像
3250,唐代 长安城 界画,关于唐代 长安城 界画的历史影像资料，反映了当时的文化风貌。,images_history/history_3250.jpg,文物影像
3251,唐代 长安城 界画,关于唐代 长安城 界画的历史影像资料，反映了当时的文化风貌。,images_history/history_3251.jpg,文物影像
3252,唐代 长安城 界画,关于唐代 长安城 界画的历史影像资料，反映了当时的文化风貌。,images_history/history_3252.jpg,文物影像
3253,宋代 马匹 壁画,关于宋代 马匹 壁画的历史影像资料，反映了当时的文化风貌。,images_history/history_3253.jpg,文物影像
3254,宋代 马匹 壁画,关于宋代 马匹 壁画的历史影像资料，反映了当时的文化风貌。,images_history/history_3254.jpg,文物影像
3255,宋代 马匹 壁画,关于宋代 马匹 壁画的历史影像资料，反映了当时的文化风貌。,images_history/history_3255.jpg,文物影像
3256,唐代 马匹 山水画,关于唐代 马匹 山水画的历史影像资料，反映了当时的文化风貌。,images_history/history_3256.jpg,文物影像
3257,唐代 马匹 山水画,关于唐代 马匹 山水画的历史影像资料，反映了当时的文化风貌。,images_history/history_3257.jpg,文物影像
3258,唐代 马匹 山水画,关于唐代 马匹 山水画的历史影像资料，反映了当时的文化风貌。,images_history/history_3258.jpg,文物影像
3259,遗址 马匹 线描图,关于遗址 马匹 线描图的历史影像资料，反映了当时的文化风貌。,images_history/history_3259.jpg,文物影像
3260,遗址 马匹 线描图,关于遗址 马匹 线描图的历史影像资料，反映了当时的文化风貌。,images_history/history_3260.jpg,文物影像
3261,遗址 马匹 线描图,关于遗址 马匹 线描图的历史影像资料，反映了当时的文化风貌。,images_history/history_3261.jpg,文物影像
3262,遗址 马匹 文物,关于遗址 马匹 文物的历史影像资料，反映了当时的文化风貌。,images_history/history_3262.jpg,文物影像
3263,遗址 马匹 文物,关于遗址 马匹 文物的历史影像资料，反映了当时的文化风貌。,images_history/history_3263.jpg,文物影像
3264,遗址 马匹 文物,关于遗址 马匹 文物的历史影像资料，反映了当时的文化风貌。,images_history/history_3264.jpg,文物影像
3265,唐代 马匹 陶俑,关于唐代 马匹 陶俑的历史影像资料，反映了当时的文化风貌。,images_history/history_3265.jpg,文物影像
3266,唐代 马匹 陶俑,关于唐代 马匹 陶俑的历史影像资料，反映了当时的文化风貌。,images_history/history_3266.jpg,文物影像
3267,唐代 马匹 陶俑,关于唐代 马匹 陶俑的历史影像资料，反映了当时的文化风貌。,images_history/history_3267.jpg,文物影像
3268,遗址 马匹 古地图,关于遗址 马匹 古地图的历史影像资料，反映了当时的文化风貌。,images_history/history_3268.jpg,文物影像
3269,遗址 马匹 古地图,关于遗址 马匹 古地图的历史影像资料，反映了当时的文化风貌。,images_history/history_3269.jpg,文物影像
3270,遗址 马匹 古地图,关于遗址 马匹 古地图的历史影像资料，反映了当时的文化风貌。,images_history/history_3270.jpg,文物影像
3271,宋代 马匹 拓片,关于宋代 马匹 拓片的历史影像资料，反映了当时的文化风貌。,images_history/history_3271.jpg,文物影像
3272,宋代 马匹 拓片,关于宋代 马匹 拓片的历史影像资料，反映了当时的文化风貌。,images_history/history_3272.jpg,文物影像
3273,宋代 马匹 拓片,关于宋代 马匹 拓片的历史影像资料，反映了当时的文化风貌。,images_history/history_3273.jpg,文物影像
3274,遗址 马匹 敦煌画风,关于遗址 马匹 敦煌画风的历史影像资料，反映了当时的文化风貌。,images_history/history_3274.jpg,文物影像
3275,遗址 马匹 敦煌画风,关于遗址 马匹 敦煌画风的历史影像资料，反映了当时的文化风貌。,images_history/history_3275.jpg,文物影像
3276,遗址 马匹 敦煌画风,关于遗址 马匹 敦煌画风的历史影像资料，反映了当时的文化风貌。,images_history/history_3276.jpg,文物影像
3277,古代 马匹 界画,关于古代 马匹 界画的历史影像资料，反映了当时的文化风貌。,images_history/history_3277.jpg,文物影像
3278,古代 马匹 界画,关于古代 马匹 界画的历史影像资料，反映了当时的文化风貌。,images_history/history_3278.jpg,文物影像
3279,古代 马匹 界画,关于古代 马匹 界画的历史影像资料，反映了当时的文化风貌。,images_history/history_3279.jpg,文物影像
3280,遗址 唐玄宗 壁画,关于遗址 唐玄宗 壁画的历史影像资料，反映了当时的文化风貌。,images_history/history_3280.jpg,文物影像
3281,遗址 唐玄宗 壁画,关于遗址 唐玄宗 壁画的历史影像资料，反映了当时的文化风貌。,images_history/history_3281.jpg,文物影像
3282,遗址 唐玄宗 壁画,关于遗址 唐玄宗 壁画的历史影像资料，反映了当时的文化风貌。,images_history/history_3282.jpg,文物影像
3283,唐代 唐玄宗 山水画,关于唐代 唐玄宗 山水画的历史影像资料，反映了当时的文化风貌。,images_history/history_3283.jpg,文物影像
3284,唐代 唐玄宗 山水画,关于唐代 唐玄宗 山水画的历史影像资料，反映了当时的文化风貌。,images_history/history_3284.jpg,文物影像
3285,唐代 唐玄宗 山水画,关于唐代 唐玄宗 山水画的历史影像资料，反映了当时的文化风貌。,images_history/history_3285.jpg,文物影像
3286,古代 唐玄宗 线描图,关于古代 唐玄宗 线描图的历史影像资料，反映了当时的文化风貌。,images_history/history_3286.jpg,文物影像
3287,古代 唐玄宗 线描图,关于古代 唐玄宗 线描图的历史影像资料，反映了当时的文化风貌。,images_history/history_3287.jpg,文物影像
3288,古代 唐玄宗 线描图,关于古代 唐玄宗 线描图的历史影像资料，反映了当时的文化风貌。,images_history/history_3288.jpg,文物影像
3289,历史复原 唐玄宗 文物,关于历史复原 唐玄宗 文物的历史影像资料，反映了当时的文化风貌。,images_history/history_3289.jpg,文物影像
3290,历史复原 唐玄宗 文物,关于历史复原 唐玄宗 文物的历史影像资料，反映了当时的文化风貌。,images_history/history_3290.jpg,文物影像
3291,历史复原 唐玄宗 文物,关于历史复原 唐玄宗 文物的历史影像资料，反映了当时的文化风貌。,images_history/history_3291.jpg,文物影像
3292,遗址 唐玄宗 陶俑,关于遗址 唐玄宗 陶俑的历史影像资料，反映了当时的文化风貌。,images_history/history_3292.jpg,文物影像
3293,遗址 唐玄宗 陶俑,关于遗址 唐玄宗 陶俑的历史影像资料，反映了当时的文化风貌。,images_history/history_3293.jpg,文物影像
3294,遗址 唐玄宗 陶俑,关于遗址 唐玄宗 陶俑的历史影像资料，反映了当时的文化风貌。,images_history/history_3294.jpg,文物影像
3295,宋代 唐玄宗 古地图,关于宋代 唐玄宗 古地图的历史影像资料，反映了当时的文化风貌。,images_history/history_3295.jpg,文物影像
3296,宋代 唐玄宗 古地图,关于宋代 唐玄宗 古地图的历史影像资料，反映了当时的文化风貌。,images_history/history_3296.jpg,文物影像
3297,宋代 唐玄宗 古地图,关于宋代 唐玄宗 古地图的历史影像资料，反映了当时的文化风貌。,images_history/history_3297.jpg,文物影像
3298,古代 唐玄宗 拓片,关于古代 唐玄宗 拓片的历史影像资料，反映了当时的文化风貌。,images_history/history_3298.jpg,文物影像
3299,古代 唐玄宗 拓片,关于古代 唐玄宗 拓片的历史影像资料，反映了当时的文化风貌。,images_history/history_3299.jpg,文物影像
3300,古代 唐玄宗 拓片,关于古代 唐玄宗 拓片的历史影像资料，反映了当时的文化风貌。,images_history/history_3300.jpg,文物影像
3301,唐代 唐玄宗 敦煌画风,关于唐代 唐玄宗 敦煌画风的历史影像资料，反映了当时的文化风貌。,images_history/history_3301.jpg,文物影像
3302,唐代 唐玄宗 敦煌画风,关于唐代 唐玄宗 敦煌画风的历史影像资料，反映了当时的文化风貌。,images_history/history_3302.jpg,文物影像
3303,唐代 唐玄宗 敦煌画风,关于唐代 唐玄宗 敦煌画风的历史影像资料，反映了当时的文化风貌。,images_history/history_3303.jpg,文物影像
3304,宋代 唐玄宗 界画,关于宋代 唐玄宗 界画的历史影像资料，反映了当时的文化风貌。,images_history/history_3304.jpg,文物影像
3305,宋代 唐玄宗 界画,关于宋代 唐玄宗 界画的历史影像资料，反映了当时的文化风貌。,images_history/history_3305.jpg,文物影像
3306,宋代 唐玄宗 界画,关于宋代 唐玄宗 界画的历史影像资料，反映了当时的文化风貌。,images_history/history_3306.jpg,文物影像
3307,唐代 荔枝道 壁画,关于唐代 荔枝道 壁画的历史影像资料，反映了当时的文化风貌。,images_history/history_3307.jpg,文物影像
3308,唐代 荔枝道 壁画,关于唐代 荔枝道 壁画的历史影像资料，反映了当时的文化风貌。,images_history/history_3308.jpg,文物影像
3309,唐代 荔枝道 壁画,关于唐代 荔枝道 壁画的历史影像资料，反映了当时的文化风貌。,images_history/history_3309.jpg,文物影像
3310,古代 荔枝道 山水画,关于古代 荔枝道 山水画的历史影像资料，反映了当时的文化风貌。,images_history/history_3310.jpg,文物影像
3311,古代 荔枝道 山水画,关于古代 荔枝道 山水画的历史影像资料，反映了当时的文化风貌。,images_history/history_3311.jpg,文物影像
3312,古代 荔枝道 山水画,关于古代 荔枝道 山水画的历史影像资料，反映了当时的文化风貌。,images_history/history_3312.jpg,文物影像
3313,古代 荔枝道 线描图,关于古代 荔枝道 线描图的历史影像资料，反映了当时的文化风貌。,images_history/history_3313.jpg,文物影像
3314,古代 荔枝道 线描图,关于古代 荔枝道 线描图的历史影像资料，反映了当时的文化风貌。,images_history/history_3314.jpg,文物影像
3315,古代 荔枝道 线描图,关于古代 荔枝道 线描图的历史影像资料，反映了当时的文化风貌。,images_history/history_3315.jpg,文物影像
3316,古代 荔枝道 文物,关于古代 荔枝道 文物的历史影像资料，反映了当时的文化风貌。,images_history/history_3316.jpg,文物影像
3317,古代 荔枝道 文物,关于古代 荔枝道 文物的历史影像资料，反映了当时的文化风貌。,images_history/history_3317.jpg,文物影像
3318,古代 荔枝道 文物,关于古代 荔枝道 文物的历史影像资料，反映了当时的文化风貌。,images_history/history_3318.jpg,文物影像
3319,宋代 荔枝道 陶俑,关于宋代 荔枝道 陶俑的历史影像资料，反映了当时的文化风貌。,images_history/history_3319.jpg,文物影像
3320,宋代 荔枝道 陶俑,关于宋代 荔枝道 陶俑的历史影像资料，反映了当时的文化风貌。,images_history/history_3320.jpg,文物影像
3321,宋代 荔枝道 陶俑,关于宋代 荔枝道 陶俑的历史影像资料，反映了当时的文化风貌。,images_history/history_3321.jpg,文物影像
3322,历史复原 荔枝道 古地图,关于历史复原 荔枝道 古地图的历史影像资料，反映了当时的文化风貌。,images_history/history_3322.jpg,文物影像
3323,历史复原 荔枝道 古地图,关于历史复原 荔枝道 古地图的历史影像资料，反映了当时的文化风貌。,images_history/history_3323.jpg,文物影像
3324,历史复原 荔枝道 古地图,关于历史复原 荔枝道 古地图的历史影像资料，反映了当时的文化风貌。,images_history/history_3324.jpg,文物影像
3325,唐代 荔枝道 拓片,关于唐代 荔枝道 拓片的历史影像资料，反映了当时的文化风貌。,images_history/history_3325.jpg,文物影像
3326,唐代 荔枝道 拓片,关于唐代 荔枝道 拓片的历史影像资料，反映了当时的文化风貌。,images_history/history_3326.jpg,文物影像
3327,唐代 荔枝道 拓片,关于唐代 荔枝道 拓片的历史影像资料，反映了当时的文化风貌。,images_history/history_3327.jpg,文物影像
3328,宋代 荔枝道 敦煌画风,关于宋代 荔枝道 敦煌画风的历史影像资料，反映了当时的文化风貌。,images_history/history_3328.jpg,文物影像
3329,宋代 荔枝道 敦煌画风,关于宋代 荔枝道 敦煌画风的历史影像资料，反映了当时的文化风貌。,images_history/history_3329.jpg,文物影像
3330,宋代 荔枝道 敦煌画风,关于宋代 荔枝道 敦煌画风的历史影像资料，反映了当时的文化风貌。,images_history/history_3330.jpg,文物影像
3331,古代 荔枝道 界画,关于古代 荔枝道 界画的历史影像资料，反映了当时的文化风貌。,images_history/history_3331.jpg,文物影像
3332,古代 荔枝道 界画,关于古代 荔枝道 界画的历史影像资料，反映了当时的文化风貌。,images_history/history_3332.jpg,文物影像
3333,古代 荔枝道 界画,关于古代 荔枝道 界画的历史影像资料，反映了当时的文化风貌。,images_history/history_3333.jpg,文物影像
3334,古代 蜀道 壁画,关于古代 蜀道 壁画的历史影像资料，反映了当时的文化风貌。,images_history/history_3334.jpg,文物影像
3335,古代 蜀道 壁画,关于古代 蜀道 壁画的历史影像资料，反映了当时的文化风貌。,images_history/history_3335.jpg,文物影像
3336,古代 蜀道 壁画,关于古代 蜀道 壁画的历史影像资料，反映了当时的文化风貌。,images_history/history_3336.jpg,文物影像
3337,宋代 蜀道 山水画,关于宋代 蜀道 山水画的历史影像资料，反映了当时的文化风貌。,images_history/history_3337.jpg,文物影像
3338,宋代 蜀道 山水画,关于宋代 蜀道 山水画的历史影像资料，反映了当时的文化风貌。,images_history/history_3338.jpg,文物影像
3339,宋代 蜀道 山水画,关于宋代 蜀道 山水画的历史影像资料，反映了当时的文化风貌。,images_history/history_3339.jpg,文物影像
3340,历史复原 蜀道 线描图,关于历史复原 蜀道 线描图的历史影像资料，反映了当时的文化风貌。,images_history/history_3340.jpg,文物影像
3341,历史复原 蜀道 线描图,关于历史复原 蜀道 线描图的历史影像资料，反映了当时的文化风貌。,images_history/history_3341.jpg,文物影像
3342,历史复原 蜀道 线描图,关于历史复原 蜀道 线描图的历史影像资料，反映了当时的文化风貌。,images_history/history_3342.jpg,文物影像
3343,历史复原 蜀道 文物,关于历史复原 蜀道 文物的历史影像资料，反映了当时的文化风貌。,images_history/history_3343.jpg,文物影像
3344,历史复原 蜀道 文物,关于历史复原 蜀道 文物的历史影像资料，反映了当时的文化风貌。,images_history/history_3344.jpg,文物影像
3345,历史复原 蜀道 文物,关于历史复原 蜀道 文物的历史影像资料，反映了当时的文化风貌。,images_history/history_3345.jpg,文物影像
3346,古代 蜀道 陶俑,关于古代 蜀道 陶俑的历史影像资料，反映了当时的文化风貌。,images_history/history_3346.jpg,文物影像
3347,古代 蜀道 陶俑,关于古代 蜀道 陶俑的历史影像资料，反映了当时的文化风貌。,images_history/history_3347.jpg,文物影像
3348,古代 蜀道 陶俑,关于古代 蜀道 陶俑的历史影像资料，反映了当时的文化风貌。,images_history/history_3348.jpg,文物影像
3349,遗址 蜀道 古地图,关于遗址 蜀道 古地图的历史影像资料，反映了当时的文化风貌。,images_history/history_3349.jpg,文物影像
3350,遗址 蜀道 古地图,关于遗址 蜀道 古地图的历史影像资料，反映了当时的文化风貌。,images_history/history_3350.jpg,文物影像
3351,遗址 蜀道 古地图,关于遗址 蜀道 古地图的历史影像资料，反映了当时的文化风貌。,images_history/history_3351.jpg,文物影像
3352,古代 蜀道 拓片,关于古代 蜀道 拓片的历史影像资料，反映了当时的文化风貌。,images_history/history_3352.jpg,文物影像
3353,古代 蜀道 拓片,关于古代 蜀道 拓片的历史影像资料，反映了当时的文化风貌。,images_history/history_3353.jpg,文物影像
3354,古代 蜀道 拓片,关于古代 蜀道 拓片的历史影像资料，反映了当时的文化风貌。,images_history/history_3354.jpg,文物影像
3355,唐代 蜀道 敦煌画风,关于唐代 蜀道 敦煌画风的历史影像资料，反映了当时的文化风貌。,images_history/history_3355.jpg,文物影像
3356,唐代 蜀道 敦煌画风,关于唐代 蜀道 敦煌画风的历史影像资料，反映了当时的文化风貌。,images_history/history_3356.jpg,文物影像
3357,唐代 蜀道 敦煌画风,关于唐代 蜀道 敦煌画风的历史影像资料，反映了当时的文化风貌。,images_history/history_3357.jpg,文物影像
3358,遗址 蜀道 界画,关于遗址 蜀道 界画的历史影像资料，反映了当时的文化风貌。,images_history/history_3358.jpg,文物影像
3359,遗址 蜀道 界画,关于遗址 蜀道 界画的历史影像资料，反映了当时的文化风貌。,images_history/history_3359.jpg,文物影像
3360,遗址 蜀道 界画,关于遗址 蜀道 界画的历史影像资料，反映了当时的文化风貌。,images_history/history_3360.jpg,文物影像
3361,遗址 骑马俑 壁画,关于遗址 骑马俑 壁画的历史影像资料，反映了当时的文化风貌。,images_history/history_3361.jpg,文物影像
3362,遗址 骑马俑 壁画,关于遗址 骑马俑 壁画的历史影像资料，反映了当时的文化风貌。,images_history/history_3362.jpg,文物影像
3363,遗址 骑马俑 壁画,关于遗址 骑马俑 壁画的历史影像资料，反映了当时的文化风貌。,images_history/history_3363.jpg,文物影像
3364,唐代 骑马俑 山水画,关于唐代 骑马俑 山水画的历史影像资料，反映了当时的文化风貌。,images_history/history_3364.jpg,文物影像
3365,唐代 骑马俑 山水画,关于唐代 骑马俑 山水画的历史影像资料，反映了当时的文化风貌。,images_history/history_3365.jpg,文物影像
3366,唐代 骑马俑 山水画,关于唐代 骑马俑 山水画的历史影像资料，反映了当时的文化风貌。,images_history/history_3366.jpg,文物影像
3367,宋代 骑马俑 线描图,关于宋代 骑马俑 线描图的历史影像资料，反映了当时的文化风貌。,images_history/history_3367.jpg,文物影像
3368,宋代 骑马俑 线描图,关于宋代 骑马俑 线描图的历史影像资料，反映了当时的文化风貌。,images_history/history_3368.jpg,文物影像
3369,宋代 骑马俑 线描图,关于宋代 骑马俑 线描图的历史影像资料，反映了当时的文化风貌。,images_history/history_3369.jpg,文物影像
3370,唐代 骑马俑 文物,关于唐代 骑马俑 文物的历史影像资料，反映了当时的文化风貌。,images_history/history_3370.jpg,文物影像
3371,唐代 骑马俑 文物,关于唐代 骑马俑 文物的历史影像资料，反映了当时的文化风貌。,images_history/history_3371.jpg,文物影像
3372,唐代 骑马俑 文物,关于唐代 骑马俑 文物的历史影像资料，反映了当时的文化风貌。,images_history/history_3372.jpg,文物影像
3373,历史复原 骑马俑 陶俑,关于历史复原 骑马俑 陶俑的历史影像资料，反映了当时的文化风貌。,images_history/history_3373.jpg,文物影像
3374,历史复原 骑马俑 陶俑,关于历史复原 骑马俑 陶俑的历史影像资料，反映了当时的文化风貌。,images_history/history_3374.jpg,文物影像
3375,历史复原 骑马俑 陶俑,关于历史复原 骑马俑 陶俑的历史影像资料，反映了当时的文化风貌。,images_history/history_3375.jpg,文物影像
3376,历史复原 骑马俑 古地图,关于历史复原 骑马俑 古地图的历史影像资料，反映了当时的文化风貌。,images_history/history_3376.jpg,文物影像
3377,历史复原 骑马俑 古地图,关于历史复原 骑马俑 古地图的历史影像资料，反映了当时的文化风貌。,images_history/history_3377.jpg,文物影像
3378,历史复原 骑马俑 古地图,关于历史复原 骑马俑 古地图的历史影像资料，反映了当时的文化风貌。,images_history/history_3378.jpg,文物影像
3379,历史复原 骑马俑 拓片,关于历史复原 骑马俑 拓片的历史影像资料，反映了当时的文化风貌。,images_history/history_3379.jpg,文物影像
3380,历史复原 骑马俑 拓片,关于历史复原 骑马俑 拓片的历史影像资料，反映了当时的文化风貌。,images_history/history_3380.jpg,文物影像
3381,历史复原 骑马俑 拓片,关于历史复原 骑马俑 拓片的历史影像资料，反映了当时的文化风貌。,images_history/history_3381.jpg,文物影像
3382,宋代 骑马俑 敦煌画风,关于宋代 骑马俑 敦煌画风的历史影像资料，反映了当时的文化风貌。,images_history/history_3382.jpg,文物影像
3383,宋代 骑马俑 敦煌画风,关于宋代 骑马俑 敦煌画风的历史影像资料，反映了当时的文化风貌。,images_history/history_3383.jpg,文物影像
3384,宋代 骑马俑 敦煌画风,关于宋代 骑马俑 敦煌画风的历史影像资料，反映了当时的文化风貌。,images_history/history_3384.jpg,文物影像
3385,遗址 骑马俑 界画,关于遗址 骑马俑 界画的历史影像资料，反映了当时的文化风貌。,images_history/history_3385.jpg,文物影像
3386,遗址 骑马俑 界画,关于遗址 骑马俑 界画的历史影像资料，反映了当时的文化风貌。,images_history/history_3386.jpg,文物影像
3387,遗址 骑马俑 界画,关于遗址 骑马俑 界画的历史影像资料，反映了当时的文化风貌。,images_history/history_3387.jpg,文物影像
3388,历史复原 通关文牒 壁画,关于历史复原 通关文牒 壁画的历史影像资料，反映了当时的文化风貌。,images_history/history_3388.jpg,文物影像
3389,历史复原 通关文牒 壁画,关于历史复原 通关文牒 壁画的历史影像资料，反映了当时的文化风貌。,images_history/history_3389.jpg,文物影像
3390,历史复原 通关文牒 壁画,关于历史复原 通关文牒 壁画的历史影像资料，反映了当时的文化风貌。,images_history/history_3390.jpg,文物影像
3391,宋代 通关文牒 山水画,关于宋代 通关文牒 山水画的历史影像资料，反映了当时的文化风貌。,images_history/history_3391.jpg,文物影像
3392,宋代 通关文牒 山水画,关于宋代 通关文牒 山水画的历史影像资料，反映了当时的文化风貌。,images_history/history_3392.jpg,文物影像
3393,宋代 通关文牒 山水画,关于宋代 通关文牒 山水画的历史影像资料，反映了当时的文化风貌。,images_history/history_3393.jpg,文物影像
3394,遗址 通关文牒 线描图,关于遗址 通关文牒 线描图的历史影像资料，反映了当时的文化风貌。,images_history/history_3394.jpg,文物影像
3395,遗址 通关文牒 线描图,关于遗址 通关文牒 线描图的历史影像资料，反映了当时的文化风貌。,images_history/history_3395.jpg,文物影像
3396,遗址 通关文牒 线描图,关于遗址 通关文牒 线描图的历史影像资料，反映了当时的文化风貌。,images_history/history_3396.jpg,文物影像
3397,历史复原 通关文牒 文物,关于历史复原 通关文牒 文物的历史影像资料，反映了当时的文化风貌。,images_history/history_3397.jpg,文物影像
3398,历史复原 通关文牒 文物,关于历史复原 通关文牒 文物的历史影像资料，反映了当时的文化风貌。,images_history/history_3398.jpg,文物影像
3399,历史复原 通关文牒 文物,关于历史复原 通关文牒 文物的历史影像资料，反映了当时的文化风貌。,images_history/history_3399.jpg,文物影像
3400,唐代 通关文牒 陶俑,关于唐代 通关文牒 陶俑的历史影像资料，反映了当时的文化风貌。,images_history/history_3400.jpg,文物影像
3401,唐代 通关文牒 陶俑,关于唐代 通关文牒 陶俑的历史影像资料，反映了当时的文化风貌。,images_history/history_3401.jpg,文物影像
3402,唐代 通关文牒 陶俑,关于唐代 通关文牒 陶俑的历史影像资料，反映了当时的文化风貌。,images_history/history_3402.jpg,文物影像
3403,历史复原 通关文牒 古地图,关于历史复原 通关文牒 古地图的历史影像资料，反映了当时的文化风貌。,images_history/history_3403.jpg,文物影像
3404,历史复原 通关文牒 古地图,关于历史复原 通关文牒 古地图的历史影像资料，反映了当时的文化风貌。,images_history/history_3404.jpg,文物影像
3405,历史复原 通关文牒 古地图,关于历史复原 通关文牒 古地图的历史影像资料，反映了当时的文化风貌。,images_history/history_3405.jpg,文物影像
3406,历史复原 通关文牒 拓片,关于历史复原 通关文牒 拓片的历史影像资料，反映了当时的文化风貌。,images_history/history_3406.jpg,文物影像
3407,历史复原 通关文牒 拓片,关于历史复原 通关文牒 拓片的历史影像资料，反映了当时的文化风貌。,images_history/history_3407.jpg,文物影像
3408,历史复原 通关文牒 拓片,关于历史复原 通关文牒 拓片的历史影像资料，反映了当时的文化风貌。,images_history/history_3408.jpg,文物影像
3409,历史复原 通关文牒 敦煌画风,关于历史复原 通关文牒 敦煌画风的历史影像资料，反映了当时的文化风貌。,images_history/history_3409.jpg,文物影像
3410,历史复原 通关文牒 敦煌画风,关于历史复原 通关文牒 敦煌画风的历史影像资料，反映了当时的文化风貌。,images_history/history_3410.jpg,文物影像
3411,历史复原 通关文牒 敦煌画风,关于历史复原 通关文牒 敦煌画风的历史影像资料，反映了当时的文化风貌。,images_history/history_3411.jpg,文物影像
3412,遗址 通关文牒 界画,关于遗址 通关文牒 界画的历史影像资料，反映了当时的文化风貌。,images_history/history_3412.jpg,文物影像
3413,遗址 通关文牒 界画,关于遗址 通关文牒 界画的历史影像资料，反映了当时的文化风貌。,images_history/history_3413.jpg,文物影像
3414,遗址 通关文牒 界画,关于遗址 通关文牒 界画的历史影像资料，反映了当时的文化风貌。,images_history/history_3414.jpg,文物影像
3415,宋代 望楼 壁画,关于宋代 望楼 壁画的历史影像资料，反映了当时的文化风貌。,images_history/history_3415.jpg,文物影像
3416,宋代 望楼 壁画,关于宋代 望楼 壁画的历史影像资料，反映了当时的文化风貌。,images_history/history_3416.jpg,文物影像
3417,宋代 望楼 壁画,关于宋代 望楼 壁画的历史影像资料，反映了当时的文化风貌。,images_history/history_3417.jpg,文物影像
3418,宋代 望楼 山水画,关于宋代 望楼 山水画的历史影像资料，反映了当时的文化风貌。,images_history/history_3418.jpg,文物影像
3419,宋代 望楼 山水画,关于宋代 望楼 山水画的历史影像资料，反映了当时的文化风貌。,images_history/history_3419.jpg,文物影像
3420,宋代 望楼 山水画,关于宋代 望楼 山水画的历史影像资料，反映了当时的文化风貌。,images_history/history_3420.jpg,文物影像
3421,历史复原 望楼 线描图,关于历史复原 望楼 线描图的历史影像资料，反映了当时的文化风貌。,images_history/history_3421.jpg,文物影像
3422,历史复原 望楼 线描图,关于历史复原 望楼 线描图的历史影像资料，反映了当时的文化风貌。,images_history/history_3422.jpg,文物影像
3423,历史复原 望楼 线描图,关于历史复原 望楼 线描图的历史影像资料，反映了当时的文化风貌。,images_history/history_3423.jpg,文物影像
3424,唐代 望楼 文物,关于唐代 望楼 文物的历史影像资料，反映了当时的文化风貌。,images_history/history_3424.jpg,文物影像
3425,唐代 望楼 文物,关于唐代 望楼 文物的历史影像资料，反映了当时的文化风貌。,images_history/history_3425.jpg,文物影像
3426,唐代 望楼 文物,关于唐代 望楼 文物的历史影像资料，反映了当时的文化风貌。,images_history/history_3426.jpg,文物影像
3427,古代 望楼 陶俑,关于古代 望楼 陶俑的历史影像资料，反映了当时的文化风貌。,images_history/history_3427.jpg,文物影像
3428,古代 望楼 陶俑,关于古代 望楼 陶俑的历史影像资料，反映了当时的文化风貌。,images_history/history_3428.jpg,文物影像
3429,古代 望楼 陶俑,关于古代 望楼 陶俑的历史影像资料，反映了当时的文化风貌。,images_history/history_3429.jpg,文物影像
3430,唐代 望楼 古地图,关于唐代 望楼 古地图的历史影像资料，反映了当时的文化风貌。,images_history/history_3430.jpg,文物影像
3431,唐代 望楼 古地图,关于唐代 望楼 古地图的历史影像资料，反映了当时的文化风貌。,images_history/history_3431.jpg,文物影像
3432,唐代 望楼 古地图,关于唐代 望楼 古地图的历史影像资料，反映了当时的文化风貌。,images_history/history_3432.jpg,文物影像
3433,唐代 望楼 拓片,关于唐代 望楼 拓片的历史影像资料，反映了当时的文化风貌。,images_history/history_3433.jpg,文物影像
3434,唐代 望楼 拓片,关于唐代 望楼 拓片的历史影像资料，反映了当时的文化风貌。,images_history/history_3434.jpg,文物影像
3435,唐代 望楼 拓片,关于唐代 望楼 拓片的历史影像资料，反映了当时的文化风貌。,images_history/history_3435.jpg,文物影像
3436,宋代 望楼 敦煌画风,关于宋代 望楼 敦煌画风的历史影像资料，反映了当时的文化风貌。,images_history/history_3436.jpg,文物影像
3437,宋代 望楼 敦煌画风,关于宋代 望楼 敦煌画风的历史影像资料，反映了当时的文化风貌。,images_history/history_3437.jpg,文物影像
3438,宋代 望楼 敦煌画风,关于宋代 望楼 敦煌画风的历史影像资料，反映了当时的文化风貌。,images_history/history_3438.jpg,文物影像
3439,古代 望楼 界画,关于古代 望楼 界画的历史影像资料，反映了当时的文化风貌。,images_history/history_3439.jpg,文物影像
3440,古代 望楼 界画,关于古代 望楼 界画的历史影像资料，反映了当时的文化风貌。,images_history/history_3440.jpg,文物影像
3441,古代 望楼 界画,关于古代 望楼 界画的历史影像资料，反映了当时的文化风貌。,images_history/history_3441.jpg,文物影像
3442,古代 古道 壁画,关于古代 古道 壁画的历史影像资料，反映了当时的文化风貌。,images_history/history_3442.jpg,文物影像
3443,古代 古道 壁画,关于古代 古道 壁画的历史影像资料，反映了当时的文化风貌。,images_history/history_3443.jpg,文物影像
3444,古代 古道 壁画,关于古代 古道 壁画的历史影像资料，反映了当时的文化风貌。,images_history/history_3444.jpg,文物影像
3445,宋代 古道 山水画,关于宋代 古道 山水画的历史影像资料，反映了当时的文化风貌。,images_history/history_3445.jpg,文物影像
3446,宋代 古道 山水画,关于宋代 古道 山水画的历史影像资料，反映了当时的文化风貌。,images_history/history_3446.jpg,文物影像
3447,宋代 古道 山水画,关于宋代 古道 山水画的历史影像资料，反映了当时的文化风貌。,images_history/history_3447.jpg,文物影像
3448,遗址 古道 线描图,关于遗址 古道 线描图的历史影像资料，反映了当时的文化风貌。,images_history/history_3448.jpg,文物影像
3449,遗址 古道 线描图,关于遗址 古道 线描图的历史影像资料，反映了当时的文化风貌。,images_history/history_3449.jpg,文物影像
3450,遗址 古道 线描图,关于遗址 古道 线描图的历史影像资料，反映了当时的文化风貌。,images_history/history_3450.jpg,文物影像
3451,宋代 古道 文物,关于宋代 古道 文物的历史影像资料，反映了当时的文化风貌。,images_history/history_3451.jpg,文物影像
3452,宋代 古道 文物,关于宋代 古道 文物的历史影像资料，反映了当时的文化风貌。,images_history/history_3452.jpg,文物影像
3453,宋代 古道 文物,关于宋代 古道 文物的历史影像资料，反映了当时的文化风貌。,images_history/history_3453.jpg,文物影像
3454,历史复原 古道 陶俑,关于历史复原 古道 陶俑的历史影像资料，反映了当时的文化风貌。,images_history/history_3454.jpg,文物影像
3455,历史复原 古道 陶俑,关于历史复原 古道 陶俑的历史影像资料，反映了当时的文化风貌。,images_history/history_3455.jpg,文物影像
3456,历史复原 古道 陶俑,关于历史复原 古道 陶俑的历史影像资料，反映了当时的文化风貌。,images_history/history_3456.jpg,文物影像
3457,古代 古道 古地图,关于古代 古道 古地图的历史影像资料，反映了当时的文化风貌。,images_history/history_3457.jpg,文物影像
3458,古代 古道 古地图,关于古代 古道 古地图的历史影像资料，反映了当时的文化风貌。,images_history/history_3458.jpg,文物影像
3459,古代 古道 古地图,关于古代 古道 古地图的历史影像资料，反映了当时的文化风貌。,images_history/history_3459.jpg,文物影像
3460,唐代 古道 拓片,关于唐代 古道 拓片的历史影像资料，反映了当时的文化风貌。,images_history/history_3460.jpg,文物影像
3461,唐代 古道 拓片,关于唐代 古道 拓片的历史影像资料，反映了当时的文化风貌。,images_history/history_3461.jpg,文物影像
3462,唐代 古道 拓片,关于唐代 古道 拓片的历史影像资料，反映了当时的文化风貌。,images_history/history_3462.jpg,文物影像
3463,遗址 古道 敦煌画风,关于遗址 古道 敦煌画风的历史影像资料，反映了当时的文化风貌。,images_history/history_3463.jpg,文物影像
3464,遗址 古道 敦煌画风,关于遗址 古道 敦煌画风的历史影像资料，反映了当时的文化风貌。,images_history/history_3464.jpg,文物影像
3465,遗址 古道 敦煌画风,关于遗址 古道 敦煌画风的历史影像资料，反映了当时的文化风貌。,images_history/history_3465.jpg,文物影像
3466,历史复原 古道 界画,关于历史复原 古道 界画的历史影像资料，反映了当时的文化风貌。,images_history/history_3466.jpg,文物影像
3467,历史复原 古道 界画,关于历史复原 古道 界画的历史影像资料，反映了当时的文化风貌。,images_history/history_3467.jpg,文物影像
3468,历史复原 古道 界画,关于历史复原 古道 界画的历史影像资料，反映了当时的文化风貌。,images_history/history_3468.jpg,文物影像
3469,遗址 秦岭 壁画,关于遗址 秦岭 壁画的历史影像资料，反映了当时的文化风貌。,images_history/history_3469.jpg,文物影像
3470,遗址 秦岭 壁画,关于遗址 秦岭 壁画的历史影像资料，反映了当时的文化风貌。,images_history/history_3470.jpg,文物影像
3471,遗址 秦岭 壁画,关于遗址 秦岭 壁画的历史影像资料，反映了当时的文化风貌。,images_history/history_3471.jpg,文物影像
3472,唐代 秦岭 山水画,关于唐代 秦岭 山水画的历史影像资料，反映了当时的文化风貌。,images_history/history_3472.jpg,文物影像
3473,唐代 秦岭 山水画,关于唐代 秦岭 山水画的历史影像资料，反映了当时的文化风貌。,images_history/history_3473.jpg,文物影像
3474,唐代 秦岭 山水画,关于唐代 秦岭 山水画的历史影像资料，反映了当时的文化风貌。,images_history/history_3474.jpg,文物影像
3475,遗址 秦岭 线描图,关于遗址 秦岭 线描图的历史影像资料，反映了当时的文化风貌。,images_history/history_3475.jpg,文物影像
3476,遗址 秦岭 线描图,关于遗址 秦岭 线描图的历史影像资料，反映了当时的文化风貌。,images_history/history_3476.jpg,文物影像
3477,遗址 秦岭 线描图,关于遗址 秦岭 线描图的历史影像资料，反映了当时的文化风貌。,images_history/history_3477.jpg,文物影像
3478,遗址 秦岭 文物,关于遗址 秦岭 文物的历史影像资料，反映了当时的文化风貌。,images_history/history_3478.jpg,文物影像
3479,遗址 秦岭 文物,关于遗址 秦岭 文物的历史影像资料，反映了当时的文化风貌。,images_history/history_3479.jpg,文物影像
3480,遗址 秦岭 文物,关于遗址 秦岭 文物的历史影像资料，反映了当时的文化风貌。,images_history/history_3480.jpg,文物影像
3481,历史复原 秦岭 陶俑,关于历史复原 秦岭 陶俑的历史影像资料，反映了当时的文化风貌。,images_history/history_3481.jpg,文物影像
3482,历史复原 秦岭 陶俑,关于历史复原 秦岭 陶俑的历史影像资料，反映了当时的文化风貌。,images_history/history_3482.jpg,文物影像
3483,历史复原 秦岭 陶俑,关于历史复原 秦岭 陶俑的历史影像资料，反映了当时的文化风貌。,images_history/history_3483.jpg,文物影像
3484,遗址 秦岭 古地图,关于遗址 秦岭 古地图的历史影像资料，反映了当时的文化风貌。,images_history/history_3484.jpg,文物影像
3485,遗址 秦岭 古地图,关于遗址 秦岭 古地图的历史影像资料，反映了当时的文化风貌。,images_history/history_3485.jpg,文物影像
3486,遗址 秦岭 古地图,关于遗址 秦岭 古地图的历史影像资料，反映了当时的文化风貌。,images_history/history_3486.jpg,文物影像
3487,遗址 秦岭 拓片,关于遗址 秦岭 拓片的历史影像资料，反映了当时的文化风貌。,images_history/history_3487.jpg,文物影像
3488,遗址 秦岭 拓片,关于遗址 秦岭 拓片的历史影像资料，反映了当时的文化风貌。,images_history/history_3488.jpg,文物影像
3489,遗址 秦岭 拓片,关于遗址 秦岭 拓片的历史影像资料，反映了当时的文化风貌。,images_history/history_3489.jpg,文物影像
3490,唐代 秦岭 敦煌画风,关于唐代 秦岭 敦煌画风的历史影像资料，反映了当时的文化风貌。,images_history/history_3490.jpg,文物影像
3491,唐代 秦岭 敦煌画风,关于唐代 秦岭 敦煌画风的历史影像资料，反映了当时的文化风貌。,images_history/history_3491.jpg,文物影像
3492,唐代 秦岭 敦煌画风,关于唐代 秦岭 敦煌画风的历史影像资料，反映了当时的文化风貌。,images_history/history_3492.jpg,文物影像
3493,宋代 秦岭 界画,关于宋代 秦岭 界画的历史影像资料，反映了当时的文化风貌。,images_history/history_3493.jpg,文物影像
3494,宋代 秦岭 界画,关于宋代 秦岭 界画的历史影像资料，反映了当时的文化风貌。,images_history/history_3494.jpg,文物影像
3495,宋代 秦岭 界画,关于宋代 秦岭 界画的历史影像资料，反映了当时的文化风貌。,images_history/history_3495.jpg,文物影像
3496,历史复原 子午谷 壁画,关于历史复原 子午谷 壁画的历史影像资料，反映了当时的文化风貌。,images_history/history_3496.jpg,文物影像
3497,历史复原 子午谷 壁画,关于历史复原 子午谷 壁画的历史影像资料，反映了当时的文化风貌。,images_history/history_3497.jpg,文物影像
3498,历史复原 子午谷 壁画,关于历史复原 子午谷 壁画的历史影像资料，反映了当时的文化风貌。,images_history/history_3498.jpg,文物影像
3499,历史复原 子午谷 山水画,关于历史复原 子午谷 山水画的历史影像资料，反映了当时的文化风貌。,images_history/history_3499.jpg,文物影像
3500,历史复原 子午谷 山水画,关于历史复原 子午谷 山水画的历史影像资料，反映了当时的文化风貌。,images_history/history_3500.jpg,文物影像
3501,历史复原 子午谷 山水画,关于历史复原 子午谷 山水画的历史影像资料，反映了当时的文化风貌。,images_history/history_3501.jpg,文物影像
3502,遗址 子午谷 线描图,关于遗址 子午谷 线描图的历史影像资料，反映了当时的文化风貌。,images_history/history_3502.jpg,文物影像
3503,遗址 子午谷 线描图,关于遗址 子午谷 线描图的历史影像资料，反映了当时的文化风貌。,images_history/history_3503.jpg,文物影像
3504,遗址 子午谷 线描图,关于遗址 子午谷 线描图的历史影像资料，反映了当时的文化风貌。,images_history/history_3504.jpg,文物影像
3505,古代 子午谷 文物,关于古代 子午谷 文物的历史影像资料，反映了当时的文化风貌。,images_history/history_3505.jpg,文物影像
3506,古代 子午谷 文物,关于古代 子午谷 文物的历史影像资料，反映了当时的文化风貌。,images_history/history_3506.jpg,文物影像
3507,古代 子午谷 文物,关于古代 子午谷 文物的历史影像资料，反映了当时的文化风貌。,images_history/history_3507.jpg,文物影像
3508,宋代 子午谷 陶俑,关于宋代 子午谷 陶俑的历史影像资料，反映了当时的文化风貌。,images_history/history_3508.jpg,文物影像
3509,宋代 子午谷 陶俑,关于宋代 子午谷 陶俑的历史影像资料，反映了当时的文化风貌。,images_history/history_3509.jpg,文物影像
3510,宋代 子午谷 陶俑,关于宋代 子午谷 陶俑的历史影像资料，反映了当时的文化风貌。,images_history/history_3510.jpg,文物影像
3511,宋代 子午谷 古地图,关于宋代 子午谷 古地图的历史影像资料，反映了当时的文化风貌。,images_history/history_3511.jpg,文物影像
3512,宋代 子午谷 古地图,关于宋代 子午谷 古地图的历史影像资料，反映了当时的文化风貌。,images_history/history_3512.jpg,文物影像
3513,宋代 子午谷 古地图,关于宋代 子午谷 古地图的历史影像资料，反映了当时的文化风貌。,images_history/history_3513.jpg,文物影像
3514,古代 子午谷 拓片,关于古代 子午谷 拓片的历史影像资料，反映了当时的文化风貌。,images_history/history_3514.jpg,文物影像
3515,古代 子午谷 拓片,关于古代 子午谷 拓片的历史影像资料，反映了当时的文化风貌。,images_history/history_3515.jpg,文物影像
3516,古代 子午谷 拓片,关于古代 子午谷 拓片的历史影像资料，反映了当时的文化风貌。,images_history/history_3516.jpg,文物影像
3517,遗址 子午谷 敦煌画风,关于遗址 子午谷 敦煌画风的历史影像资料，反映了当时的文化风貌。,images_history/history_3517.jpg,文物影像
3518,遗址 子午谷 敦煌画风,关于遗址 子午谷 敦煌画风的历史影像资料，反映了当时的文化风貌。,images_history/history_3518.jpg,文物影像
3519,遗址 子午谷 敦煌画风,关于遗址 子午谷 敦煌画风的历史影像资料，反映了当时的文化风貌。,images_history/history_3519.jpg,文物影像
3520,唐代 子午谷 界画,关于唐代 子午谷 界画的历史影像资料，反映了当时的文化风貌。,images_history/history_3520.jpg,文物影像
3521,唐代 子午谷 界画,关于唐代 子午谷 界画的历史影像资料，反映了当时的文化风貌。,images_history/history_3521.jpg,文物影像
3522,唐代 子午谷 界画,关于唐代 子午谷 界画的历史影像资料，反映了当时的文化风貌。,images_history/history_3522.jpg,文物影像
